<?xml version="1.0" encoding="UTF-8"?>
<application>
  <id type="desktop">alchemyquest.desktop</id>
  <metadata_license>CC0-1.0</metadata_license>
  <summary>Puzzle game featuring chemicals</summary>
  <description>
    <p>
      Alchemy Quest is a tile-matching puzzle game in which appear the chemical elements.
      Alchemy Quest is an easy-to-play game suitable for children and young people.
      It aims for reflection, adventure and suspense.
    </p>
  </description>
  <url type="homepage">http://identicalsoftware.com/alchemyquest/</url>
  <screenshots>
    <screenshot type="default">http://identicalsoftware.com/alchemyquest/img/alchemyquest/screenshot1p.png</screenshot>
    <screenshot>http://identicalsoftware.com/alchemyquest/img/alchemyquest/screenshot2p.png</screenshot>
  </screenshots>
  <content_rating type="oars-1.1" />
</application>
