<?xml version="1.0" encoding="UTF-8"?>
<!-- Copyright 2014 Eduardo Mayorga <e@mayorgalinux.com> -->
<application>
  <id type="desktop">openalchemist.desktop</id>
  <metadata_license>CC0-1.0</metadata_license>
  <summary>Puzzle game featuring chemicals</summary>
  <description>
    <p>
      Open Alchemist is a tile-matching puzzle game in which appear the chemical elements.
      Open Alchemist is an easy-to-play game suitable for children and young people.
      It aims for reflection, adventure and suspense.
    </p>
  </description>
  <url type="homepage">http://identicalsoftware.com/alchemyquest/openalchemist.html</url>
  <screenshots>
    <screenshot type="default">http://identicalsoftware.com/alchemyquest/img/aqua.png</screenshot>
  </screenshots>
  <content_rating type="oars-1.1" />
</application>
